"","V1","V2","V3"
"1",1.88044048198304,0.0951396953082587,0.362512914385171
"2",4.37194832873372,2.18164363907832,1.31959868255795
"3",5.79683148256287,1.94136369362087,1.2900480085737
"4",3.85302910266888,0.747671641346159,1.02758555330661
"5",2.80796684218394,0.0104212713189129,1.75301675225559
"6",4.16652985487582,1.7340026302577,2.1702994580234
"7",7.08929185040461,3.78237411571856,3.93517190503785
"8",11.6105652505476,5.16212433963935,5.9061446433957
"9",11.3314986569357,6.67783363817913,7.25926377364217
"10",9.27653769223125,5.37266758321685,5.65229909408392
"11",9.1563322615782,6.87997161469596,5.96281699743489
"12",9.48092237560181,6.19035098420295,5.25635682306981
"13",9.23470746377471,6.41201047396723,6.05650857137885
"14",9.78961292309673,6.53114510176169,7.04618779889089
"15",12.7365805391133,9.70063712711268,9.48400883004892
"16",10.7554371506788,7.89254389054815,8.39583066843616
"17",10.8639114691472,9.33263839565192,8.64529608911849
"18",9.52968885243033,7.53897320704583,8.43172527352582
"19",9.28488295980559,7.26139167600786,8.61304185663681
"20",10.2795228735543,8.83347344972415,9.08197029034351
"21",6.44294351965564,6.98555931159871,7.36668796869694
"22",6.78388416328875,6.95468195393413,7.83515327760526
"23",10.3825143290708,9.15043464181839,8.52186165676468
"24",13.0302537228644,8.51451524188854,8.20421422584537
"25",12.8298892780303,9.62264209075352,9.5752835595429
"26",11.7834828692315,9.02294129822964,8.90829252602515
"27",11.1999699542492,9.02933068965167,9.02526625403671
"28",10.1376558139466,7.2967043902131,8.15714036409057
"29",11.6200872472903,7.71985538287125,8.23515955852254
"30",13.0856612920385,9.65948670074875,8.75768934103188
"31",8.92678583598971,7.62541165671519,7.68219227109759
"32",9.58327572681291,7.99149571184544,7.86459566723824
"33",7.1326527721561,5.66458555662242,5.65612927605749
"34",1.85336937924672,5.88727609151949,4.72419203982176
"35",-2.1650129995581,4.0536869887654,3.96016965776707
"36",-0.321096897298956,2.99763817575126,2.47184862625887
"37",1.36928793432815,3.45819725653273,4.0911693840371
"38",3.13068305694573,3.64775283100834,4.23653838772607
"39",1.70892299977974,4.84446972795663,5.65547329194155
"40",3.73845510208059,6.52712664505542,5.48998463633852
"41",3.61115650839085,4.81889650492901,4.22678434245702
"42",3.77558601361125,6.63794584704181,6.78663698625476
"43",6.29329507678848,7.5530479549214,7.25177046665048
"44",4.37419279927173,5.75519679483098,5.69117363011216
"45",7.08106827526815,7.31377718196996,6.77933354345222
"46",7.11979850133205,8.79287495892032,8.05628024188741
"47",6.29277571620378,5.90087903350061,5.73779951047377
"48",9.07743144394212,8.30268856418931,7.36845767450512
"49",10.6534149919665,7.3061432044903,7.71936977272038
"50",7.52625701319953,7.77113445784477,7.34858366626557
"51",5.9502555178327,6.34860367970329,5.55177719563315
"52",6.62572082750259,6.88699832498922,6.17632627324773
"53",4.82593261253799,4.14747392882665,4.90501233139013
"54",7.9673865301641,5.93802585589017,6.3218782926029
"55",11.7427084158574,8.62862454512084,8.69338226881414
"56",10.4202439572524,9.66885651783982,9.38535853913935
"57",8.68746311492132,8.63643061872357,8.25635360148208
"58",7.62565135990567,9.00634416322958,8.00509404613965
"59",9.81329222375899,9.25338408921527,8.51536440067268
"60",5.15311720022282,7.20958052161551,7.91335149414265
"61",6.72147008248506,8.76952888481208,8.07141133600728
"62",6.87803248776092,6.8472903557598,7.2299192857063
"63",6.47440965409902,7.4450535070862,7.56248621352935
"64",4.83267181034368,7.86658867866425,7.50811346966986
"65",4.87504306836155,7.67470821386698,8.05692014572395
"66",4.79167227704342,7.34633354297291,7.40309805367979
"67",5.21099954344818,6.32893989614708,6.39336839677676
"68",7.11902174395253,6.50892776457944,6.267953652062
"69",4.69117684367873,6.44213825161065,6.38249210596428
"70",2.92450609365675,5.96961937117444,5.82282367321282
"71",1.88189942957828,5.99999553638902,6.99998613457399
"72",0.75483158504985,5.45255861058128,6.40153935592217
"73",1.35479591121516,7.48023512930152,6.19040340117628
"74",1.39139911670328,4.6372143427903,5.21288702920849
"75",1.40564767260079,6.38133574727565,5.33324761151602
"76",1.29349750097002,5.10306395481036,5.79267673299078
"77",2.23257023543945,6.61457678526485,5.99285713900333
"78",4.73187335004919,5.79373411995368,5.55929545158887
"79",3.33560134750294,4.71286263852483,4.02848917753285
"80",1.02365015332011,5.16419511711818,3.73759468249755
"81",3.52208108530942,4.16898268635395,4.47798065881245
"82",5.23297151088556,5.89373939933388,4.98119611619783
"83",5.18622792591647,5.48274766893898,4.30905925488934
"84",3.5331540398046,3.58789293488278,4.18496553567177
"85",3.7194848260229,4.44905496203203,3.722572747362
"86",3.77506462052241,3.21557516902725,3.28119648603252
"87",3.52340861271305,1.71539511426022,2.56912563148339
"88",3.84693231688671,2.98783707798812,3.17393569975737
"89",4.21638783375937,3.95202172300276,4.09398746116992
"90",1.81075222658695,2.29483576364464,2.77250267341979
"91",2.0953098333165,3.0258982576491,2.6579398609387
"92",4.32019556955272,3.26323086082643,3.66139007981112
"93",4.81046246719844,3.72531737849481,4.01884136655931
"94",1.72960246367474,4.87235294255396,4.90150224970101
"95",3.06480335499114,4.95762676108371,5.29949086231397
"96",5.24328819018893,5.62819001021691,5.89798428985826
"97",4.95734253747936,6.08260487519271,6.3500475187924
"98",7.08209625236363,6.90003350755543,7.58529737732965
"99",6.09409937777437,5.59999797989237,6.16938505893449
"100",5.4951549331883,4.44043360230483,4.94111588646034
"101",4.26646518305825,4.59496782335529,4.27729883741069
"102",6.57686894269195,6.0327789232884,6.09995276136942
"103",7.77583336521675,7.1970262472276,6.04056757889628
"104",7.48894683527539,4.78718243875906,5.32158023300793
"105",8.30696136900712,5.00641583005065,5.4960647713786
"106",8.95068312159558,4.09743683387966,4.86680078144123
"107",7.81636332685336,5.24286872803696,4.45343782016312
"108",6.35504053942634,5.66331241508993,5.52216687702013
"109",4.0703378064602,5.17346095641753,4.88383476823369
"110",4.45362029994773,4.97535914498294,5.72128807592704
"111",7.82836905137901,7.04493447816244,5.8515003282836
"112",5.12232411585707,3.9030190635342,4.66221072806447
"113",6.04957718141489,3.61215671174057,3.64666046920162
"114",2.57612260653847,2.35679357509359,2.67860254757773
"115",-1.01151931971004,1.6187963525989,2.12740628064705
"116",1.12843576479706,0.936351788030294,0.68754636186138
"117",1.93830283586816,0.0737416055447747,-0.57061478500845
"118",2.43905369745426,-0.235728378679468,0.203481617982385
"119",2.22392839670535,-2.40389504418264,-2.20158128262843
"120",3.30796936464625,-2.0134683268583,-2.3950377868024
"121",1.21283812529041,-4.91522589101527,-3.55484206042323
"122",-1.94436352482055,-4.4141828247365,-4.91117188384777
"123",-4.29559341486237,-4.12373362878081,-5.52609695758524
"124",-8.25335885313323,-5.91667691207592,-6.75827731789406
"125",-7.54604116535111,-4.55232932598298,-5.48958507989557
"126",-7.16823506501781,-6.5171376783199,-5.93498287368851
"127",-9.47068762981994,-5.53463995693641,-5.31425006365444
"128",-9.11820083296588,-5.81043190627132,-5.46658531825228
"129",-10.7056675733651,-5.0218545938867,-5.4401122641457
"130",-9.84066741674544,-4.0312634869847,-4.1019403490708
"131",-10.1373537622189,-5.00855826494417,-4.67358917427748
"132",-11.3097116898651,-6.15487180980394,-6.27660400526239
"133",-10.194215792081,-6.3299801931999,-5.86549950719189
"134",-8.70081926733076,-5.00754678661382,-4.92792075333406
"135",-6.83993535974891,-3.53757431735654,-4.9760649482472
"136",-7.38582608025555,-5.93674119789758,-5.16710586820355
"137",-5.69653763870589,-4.125193263538,-4.59227728512323
"138",-7.58539603019231,-7.10646020602465,-5.220609624948
"139",-3.43672397320321,-2.69799120137844,-3.44234917827489
"140",-5.77538814060522,-2.53964493707944,-2.9627760921106
"141",-2.75021013576392,-3.59183024787688,-2.58938425309848
"142",-0.508500151744396,-2.54152619200476,-2.71829162101442
"143",-3.5451162079376,-2.82757520691853,-2.69396466419246
"144",-1.38972194223348,-2.87264433348229,-2.42550697182317
"145",-0.23829011932489,-2.81410385540236,-2.14301211301755
"146",-2.70671223576807,-3.80899493752519,-3.70771751865913
"147",-4.1295453723602,-5.68278173055368,-4.65427110881639
"148",-5.22916127759986,-4.03991858000988,-5.26218202828269
"149",-5.02324315855639,-5.39107817815516,-5.70150239509882
"150",-6.46781336791203,-7.5877428310142,-6.84643267213223
"151",-6.68600588498422,-6.64319497919804,-6.45446798971607
"152",-6.4960948006755,-7.82105087348175,-6.96465953634797
"153",-9.74861869822833,-8.25928932116458,-7.87948317553624
"154",-9.57616980797757,-9.41105111619588,-9.05453135081631
"155",-10.5360971420199,-9.84271015452178,-9.65464065849698
"156",-11.8717804122706,-13.2125653899054,-11.5452438203076
"157",-13.5528314661456,-13.0243845913672,-12.9092742723771
"158",-14.6041982819658,-14.9839807848116,-13.4544514797639
"159",-15.2601743469528,-15.2727490932538,-14.1995114388778
"160",-14.7276066857747,-13.2506168825682,-12.8934358091886
"161",-12.1664874155333,-11.2022797054831,-12.0216280838564
"162",-10.5304075276065,-12.5129626265773,-12.6296517148992
"163",-12.9104218736827,-14.6712327955386,-13.9434653685274
"164",-11.9990151349779,-12.5913717083421,-14.5430603302013
"165",-14.649013005649,-15.7209897142352,-15.5472334143154
"166",-12.9133565979852,-14.0803408922476,-15.4481777284773
"167",-14.9447524271898,-15.2072678729064,-16.3593010768862
"168",-16.8603437546469,-17.1475699348988,-16.4729861396731
"169",-17.0800250438063,-16.6919704595957,-17.7023386189899
"170",-17.3385842291591,-17.1890157715011,-17.5831420946127
"171",-18.5442433932419,-17.0934711110287,-18.0832308438293
"172",-18.1844300787468,-18.944172287927,-17.6897369162824
"173",-14.9640613267071,-17.4111108988042,-17.1821985681457
"174",-13.3247532740061,-16.5145274339785,-17.107717372197
"175",-13.8158362590252,-16.5403650358196,-15.9150590529623
"176",-12.0540580146755,-15.6929265719242,-16.199937122501
"177",-12.3161384027698,-16.1178268236722,-16.1082553456092
"178",-7.60531816097239,-12.7808234827351,-14.3713738797813
"179",-8.55523395352686,-14.9245331857311,-13.6502073532682
"180",-11.4785415549937,-14.8876878497914,-13.946506562437
"181",-13.0344090605445,-13.905665996817,-14.1257325966591
"182",-12.2516048548498,-13.9685148525656,-14.1737700214184
"183",-12.4738089895839,-14.4702992307838,-13.7054497970492
"184",-11.8998560263825,-14.3742891094727,-14.1311550879636
"185",-12.2403817775805,-14.8136538324298,-14.3824284305024
"186",-11.4963494151219,-13.4555742940095,-12.9763681055124
"187",-13.4869479823838,-14.2737605499604,-14.703185438799
"188",-14.0827505502648,-15.4688772217698,-15.7144349098652
"189",-12.5380420763484,-15.6743602093641,-16.3708259801164
"190",-13.3403864356955,-17.3034192764324,-16.6912291813792
"191",-12.8259974003104,-18.5438588057023,-19.3818971845144
"192",-16.7965899874342,-19.290474495497,-19.2534080490806
"193",-17.1113820161525,-20.6509526667536,-19.6833329769269
"194",-16.4343937610485,-20.3053683082417,-20.167124163774
"195",-17.8180583355229,-19.8879665955394,-20.0627821913105
"196",-19.2853502385259,-20.0481737013686,-19.7552585434013
"197",-18.7022158195312,-18.9977632666316,-18.9776531328798
"198",-20.0612862680499,-18.8524782670239,-18.6931595939549
"199",-18.0272493378142,-17.8055890341444,-18.3610444054325
"200",-18.581940699459,-17.8952153811232,-18.2044144097068
"201",-19.4173080665639,-16.8013802194708,-17.6882821497907
"202",-18.1597918344373,-17.251308853095,-17.5615796088541
"203",-17.6258670988178,-17.3544878071428,-17.0102940359653
"204",-17.6219122875679,-19.0946035040773,-18.1930013709694
"205",-17.9097639402891,-18.0207826119141,-16.6870097978269
"206",-16.1721600360023,-15.6903532700503,-15.4337235803168
"207",-18.6599026052334,-15.6878798833197,-16.0379159304046
"208",-17.9180007221164,-15.3032149006805,-15.146532216148
"209",-16.6314415754961,-15.7998202375259,-15.6227539436403
"210",-15.5666341226122,-14.7799261518407,-14.223692547635
"211",-16.9890411826436,-13.757205301886,-14.8425641313997
"212",-14.6898770679151,-13.65325224575,-13.8880286994813
"213",-13.3150503310374,-13.8384667292359,-14.0545089716759
"214",-12.7609571385811,-14.4287234842013,-14.404548648536
"215",-10.9151919321085,-10.8704563016191,-11.2304236163519
"216",-11.7902439755609,-12.6782184561091,-12.4733558962398
"217",-10.4836920526199,-11.7508416321811,-11.756772697242
"218",-9.86071408927017,-11.8317910551935,-12.2257564346561
"219",-12.3647958614169,-13.0874721650154,-12.2881743786018
"220",-12.7616389052025,-13.6872599768077,-12.4194936319632
"221",-13.1731426814963,-11.8374751520198,-10.8517635491104
"222",-12.7098260643549,-11.3662817673889,-11.3215850956823
"223",-15.3825140933985,-13.2261280100092,-13.6526542223123
"224",-14.8071813305232,-14.8111995727587,-14.6759729580187
"225",-13.3284772932383,-14.258131829507,-14.4729598200221
"226",-14.891535556363,-15.9208176092215,-15.4782033394151
"227",-18.0405972413078,-16.4233602344285,-16.2485059825088
"228",-16.3531664987251,-13.9377418972679,-15.2298548210347
"229",-16.8133305139863,-15.2922677558553,-15.6690001723844
"230",-16.4692261971714,-17.3954763566233,-16.4447593421357
"231",-14.314745607583,-16.0988510912646,-15.4957900712407
"232",-17.6033223170052,-15.8791853596937,-15.8864443189112
"233",-18.8567513467296,-16.0325820862216,-15.2328929967396
"234",-20.0369078578003,-15.2513767734082,-15.3677855674411
"235",-17.2766659488313,-13.238481508622,-13.9973730581944
"236",-20.122076492339,-15.6764873821985,-15.1847433266021
"237",-21.0124035334433,-14.9600410058931,-15.2753306116351
"238",-18.8897449069304,-14.0843988437511,-14.0086473214846
"239",-19.1331148859749,-13.997448050372,-14.267802369633
"240",-20.3095486837067,-15.794127372868,-15.5757840421347
"241",-20.6081775013024,-15.2722301598666,-15.0017853320336
"242",-21.2871691931742,-16.5990050191724,-16.2141862393483
"243",-19.6188040357888,-14.8490549993416,-14.9817628990596
"244",-19.358269612615,-15.2071233079207,-15.5456781183994
"245",-18.0801175997489,-15.5064980699903,-15.6545123498608
"246",-17.3063630986909,-14.7564083533568,-14.5149837527667
"247",-17.9304105413691,-14.0730637084059,-14.5736191526946
"248",-17.1458111041575,-13.7347959403063,-14.2390103013928
"249",-17.3164581163203,-14.3459459616374,-14.3645993913284
"250",-15.4016553545603,-12.8184953762902,-13.2446887872053
"251",-14.7871706391752,-12.5194493029618,-12.5337604085146
"252",-15.1702470170129,-13.7766344396145,-13.8348754938308
"253",-15.7012645875176,-14.4537430085942,-14.170886732191
"254",-14.7871558482147,-14.7801255448769,-14.4275930858297
"255",-18.3233802244629,-13.9779616303253,-15.1116791337554
"256",-20.2143316790024,-16.3824873269409,-15.5656430583986
"257",-20.2201203666942,-15.6370013145465,-15.0958243850587
"258",-22.3954758534501,-16.4625946571025,-16.2346175524552
"259",-20.8758832490029,-15.7718430027185,-16.8221978366469
"260",-19.9609185947009,-17.0242161602181,-16.7207341876687
"261",-18.5995944478724,-17.774623922751,-17.9049582074039
"262",-18.3467074156824,-18.4457426851241,-17.7707298375992
"263",-19.1734476289005,-19.4345192395098,-18.299577614949
"264",-19.5456000878009,-17.9319473178879,-17.2110615836092
"265",-20.7562965415229,-18.5341021301027,-19.123056392711
"266",-20.0788123655327,-20.6291916295086,-18.7710599879644
"267",-19.5061059996324,-19.440391060656,-19.5150153582903
"268",-18.5745672806548,-19.6085091863981,-19.7931448293872
"269",-18.1660040491718,-19.1964074596909,-19.8865465435418
"270",-16.6971340998836,-19.9872042075419,-20.0052501581179
"271",-19.2655732818242,-20.9755575548343,-20.5159736380783
"272",-20.1706931745527,-20.9753620282703,-20.5908521653632
"273",-21.3018729246091,-20.1644372560689,-20.833321595789
"274",-22.3601944046859,-20.5527693780892,-20.3317528826777
"275",-17.4411164500828,-19.0748523678391,-19.5371930086185
"276",-17.3070117109163,-19.4500987287679,-18.4985488917618
"277",-15.2394954668755,-17.6088532030687,-16.7982069368067
"278",-12.9831090572529,-14.872406908123,-15.5528148246569
"279",-16.7999757301134,-16.0408830021774,-16.994819113925
"280",-16.6970776587628,-15.6998332361429,-15.6361430581641
"281",-16.8924094243764,-14.444576411689,-14.848711187351
"282",-15.7772117705082,-14.7845874508715,-13.836490378138
"283",-15.8677968562383,-14.5641108998059,-14.2418418668762
"284",-15.7742042411494,-14.4794530699656,-13.7338707846207
"285",-15.8606272206253,-15.7372952111958,-14.8201226187442
"286",-11.0942837871667,-12.7863767679212,-13.9571900200116
"287",-13.8145371732122,-14.44103931914,-13.9201038850069
"288",-14.4711994143285,-13.6040640870103,-12.9781248501456
"289",-12.8309078226997,-13.1106596188837,-12.3357940455776
"290",-14.3662719455242,-12.1426053018023,-12.1417524844848
"291",-14.8952426541681,-11.6635481515457,-12.0073495879944
"292",-14.0402632349664,-10.8927735808042,-11.7359616617986
"293",-13.1168338826431,-11.9444747584091,-11.3739826487581
"294",-11.2015713773718,-11.4991757675711,-11.3298560849493
"295",-10.9973509889363,-9.3849879870568,-10.2902078366658
"296",-13.965567754472,-9.47412306854432,-10.6157745598213
"297",-15.9947959022159,-11.3499043721028,-10.7372619191586
"298",-18.853957681535,-12.1340890616129,-11.9933409176534
"299",-19.4354763263439,-13.5800041448232,-11.5334350899791
"300",-16.2407015171848,-12.902539026596,-11.3767432973189
"301",-15.3598390431468,-12.552505990731,-11.5318675063027
"302",-11.5876934215748,-9.3086256182757,-9.64404788103434
"303",-10.2111509268161,-9.42119182473714,-8.8411631072234
"304",-11.5010455234157,-9.51849143972162,-9.64233986660863
"305",-10.1655003783641,-7.76525641550997,-8.90941518064753
"306",-10.6134011380211,-9.19306936289803,-9.20980956199528
"307",-14.0664966136042,-13.3016347259556,-12.6613912458747
"308",-15.0908966213123,-13.7707225022522,-13.7201312903262
"309",-13.8445277786745,-12.3057071138938,-12.0381579558245
"310",-14.7768775787724,-11.9143313547575,-12.03788002863
"311",-17.6813326351154,-10.7995237389394,-13.0460826035517
"312",-16.5873209177673,-14.0322929077381,-14.41512144108
"313",-15.7943121097659,-12.8970815247269,-12.3387401183024
"314",-16.0447315590964,-11.8063168160253,-11.3102192299802
"315",-16.0965833143953,-12.0641649314497,-12.6334623139779
"316",-15.9581547509453,-14.7142282264287,-14.1056605050948
"317",-14.6999222933249,-12.6678020848759,-12.5559561581288
"318",-12.6112865829095,-11.0407002651543,-10.5118702078791
"319",-13.0810916450177,-10.9060385446336,-12.0012421779007
"320",-14.2080506725675,-12.3174209215426,-11.3939667238735
"321",-14.2933249850958,-12.2812708856759,-11.7323266063889
"322",-15.5788191459482,-13.4076967766868,-13.0267319833893
"323",-13.4689008751434,-11.1078443900815,-11.6042494074398
"324",-15.8640926594716,-12.2692635443697,-12.7744996157423
"325",-14.9870648003402,-15.5219816307998,-14.4753947329484
"326",-13.7659983791832,-13.6923340407768,-14.7597781577111
"327",-10.0391670292048,-14.057649349759,-13.7526681958695
"328",-12.429805556224,-15.8243478231271,-15.5678841630829
"329",-10.4247916966427,-14.4470566283729,-14.0159884075182
"330",-7.01979556493937,-14.3415549868671,-14.1906721932757
"331",-8.47443427989986,-14.2788924715687,-14.983467058747
"332",-7.98753964125118,-14.2299686326368,-14.2082411924588
"333",-7.47893552800307,-11.5931540243646,-13.4362440458182
"334",-7.82895909879352,-12.7091377875113,-12.4545663847719
"335",-10.688267878382,-13.0035682680085,-12.6632795835138
"336",-13.17178004258,-12.8934858696605,-13.211380049479
"337",-12.9840270275419,-12.9235124822706,-12.832861197709
"338",-10.9596038578793,-10.8568028658752,-11.3744356117059
"339",-8.7216427462077,-11.7740457162793,-11.3839184850336
"340",-9.48421033896462,-13.0862832989126,-12.6433782428649
"341",-9.40941382727068,-12.5685302613632,-12.3269195584189
"342",-9.04492581257873,-11.7919461921508,-11.5502446826229
"343",-10.6725619414886,-13.0461189486952,-12.2439354297884
"344",-9.05544719245394,-11.5941901232633,-11.8229817460391
"345",-6.85193252536708,-12.2176152865155,-12.0745091990728
"346",-7.78171184279324,-10.91762407601,-10.8535612654623
"347",-7.32918474249967,-10.9637060395415,-11.6963225681333
"348",-8.61147011770937,-9.09840747654214,-10.0013907351347
"349",-8.91563429164797,-10.8066256688483,-10.5886231727216
"350",-10.4910437141676,-12.4523423880487,-12.6079912304019
"351",-12.3400559448418,-13.1804387290176,-12.705116691306
"352",-12.3891210287321,-12.234406399059,-12.3932231968212
"353",-13.5040152072993,-11.8183516372379,-11.9885304383064
"354",-12.2270498412031,-11.301049386534,-11.9451474536575
"355",-17.8528333619725,-15.1265987093217,-15.34907620198
"356",-16.0433584175177,-15.2464071350225,-15.0661904699178
"357",-15.0718333973033,-15.6652996396905,-14.7430294206028
"358",-14.6953831690959,-16.9029094433552,-15.6513026474732
"359",-14.8415780522128,-16.1976056239904,-17.0486581135241
"360",-14.6610114131465,-17.3496399340053,-17.3331803551043
"361",-15.7993254561928,-16.5835530580873,-17.6869444075352
"362",-13.2215961697037,-16.3215477017615,-16.3141908266045
"363",-16.8198712273281,-17.9065715062839,-18.0518751368043
"364",-17.7251791946874,-20.0130539587994,-18.2709286162269
"365",-18.847551957061,-17.7730324972076,-18.7660536852916
"366",-14.9774365576859,-17.4559039450731,-17.861880154445
"367",-15.9685560984574,-19.5695535749975,-18.041916371451
"368",-16.3923971331164,-18.5985485345118,-18.8639366024921
"369",-16.8143318637274,-16.9446020307665,-16.9294500709699
"370",-14.9256044501496,-17.3232695800149,-16.7775840994879
"371",-12.5743103325611,-13.1378199647515,-14.0812155709297
"372",-14.3315393139685,-15.4553648072105,-15.1859828559333
"373",-11.797588972538,-15.0049338576709,-14.3707654467135
"374",-9.2904900023117,-13.1623471007839,-12.7819016948342
"375",-9.23642866481933,-13.4007174387907,-11.606306509867
"376",-5.55134977691182,-8.97364742566712,-9.50180603885084
"377",-5.50254844199807,-9.94361397633149,-9.23888241887329
"378",-3.31245089271305,-8.64205171532411,-8.25472686589884
"379",-5.96655353155794,-9.06842490942166,-9.31861732651274
"380",-7.75581952785714,-9.03490989563517,-10.6517865836603
"381",-6.24321868127925,-10.628701221247,-10.6212686911968
"382",-4.78769069067089,-9.00970427814204,-8.80059483266622
"383",-6.33144337805582,-9.0942499291777,-9.38213133174159
"384",-7.14488791973247,-9.8599912777545,-8.82846589425659
"385",-5.58711743115344,-8.13052209424562,-8.14622320148719
"386",-4.78994647224934,-7.55029519403293,-6.96342056268537
"387",-5.08345300659452,-6.49631786802074,-6.64500893769958
"388",-6.55539720748529,-6.91199167328875,-6.38150636205806
"389",-6.69009445246992,-6.47276698924003,-7.2463718538593
"390",-8.58574751084159,-8.66118307908421,-8.40667426304715
"391",-9.41951925768779,-9.67444447285014,-9.59765047849121
"392",-10.2483665236677,-8.64434504455922,-8.98564037428507
"393",-12.7690563892209,-10.745782931952,-11.4900228466184
"394",-14.8803233998054,-12.5815983138196,-12.1871091684608
"395",-14.8683536669033,-13.6213091376252,-12.8966709385005
"396",-11.8307214285352,-10.4484422442539,-11.7773982642605
"397",-15.0212906171519,-12.5751033051186,-12.426976036258
"398",-12.2512885992677,-11.5947485311517,-11.4746198067087
"399",-10.5926227564889,-12.511900986065,-12.5733426948745
"400",-9.89330959852601,-12.5086067796401,-12.472486025714
"401",-10.7058948928596,-12.5840325686419,-12.3507403252057
"402",-13.0395488462187,-12.9311438998984,-12.2996836954725
"403",-12.1384215155988,-11.8190259865656,-11.4642363985696
"404",-10.6484122477343,-11.35052889368,-11.5366095761239
"405",-11.7954667663628,-10.9379631497048,-11.1663843779621
"406",-10.0833897944201,-11.2774045161418,-12.475416046006
"407",-9.92935861655867,-12.5069579569156,-12.4517967957088
"408",-12.6242225268226,-14.2425834120357,-13.2151306232436
"409",-12.9709590702175,-14.3422612682895,-13.6991494173491
"410",-12.6797119255569,-13.3196508169293,-14.2640451124768
"411",-11.8884954262407,-14.0646305949565,-13.516498436417
"412",-11.1099459913733,-13.0292633288618,-14.0952247534439
"413",-13.8674622010768,-13.527305233833,-14.2397519534813
"414",-14.5870816615115,-14.1366634464844,-13.295277477312
"415",-12.5484813390155,-11.9408080059085,-12.8196227262524
"416",-15.7591880632618,-13.365144726521,-13.9434236997243
"417",-19.6274827982916,-15.7856018579733,-15.1753294673995
"418",-19.6640145944356,-17.2225922427874,-16.454444523826
"419",-17.005709224292,-15.858918054448,-15.8273794598419
"420",-16.4198292310877,-14.9378500822344,-15.1169996476314
"421",-15.1187529675225,-16.1630210229524,-16.5601896692007
"422",-15.992168404122,-17.5053085666435,-17.7620788564569
"423",-18.4943728474639,-18.2283121855404,-17.7894636749612
"424",-18.0765519208967,-19.1509295439043,-18.5959965647098
"425",-15.7228012261547,-17.8538205764482,-17.3930310794587
"426",-15.1987013164875,-16.0895938740378,-16.0826062545875
"427",-17.1362262716995,-16.8696285779156,-16.422099932498
"428",-16.8627378884266,-14.8584699900894,-14.772863885366
"429",-16.8539324515313,-14.7774781410626,-14.4521411084243
"430",-14.8912868571248,-12.9171380802401,-13.9849589609359
"431",-16.5809952152386,-13.7715794739538,-14.8209799126043
"432",-15.2530657046121,-13.3120678936087,-14.4375949027983
"433",-15.1924727929664,-13.7443249371348,-14.046922183426
"434",-12.325270008291,-12.6227417095745,-13.4457925862885
"435",-8.95649556232333,-12.1113959103856,-12.669022745956
"436",-8.88863179037191,-10.985902355969,-11.6629468413488
"437",-9.77800146649879,-10.8264340233629,-11.1019554871465
"438",-7.72235938143745,-8.4473340057156,-9.60289580710502
"439",-10.6830457346737,-9.69765312475185,-8.27121945147504
"440",-9.48248071719823,-11.3049773670234,-11.0804781831751
"441",-11.7614063005086,-12.1441065805357,-12.3031536656422
"442",-8.50978484222412,-10.6688680149452,-10.8887666824347
"443",-7.23695269669329,-8.48834852080481,-10.0370615990494
"444",-6.44109892097173,-7.78837555281657,-8.80077639719874
"445",-5.71328299798379,-6.82049096049431,-8.19193050883977
"446",-6.37988968082189,-9.59946672809799,-9.12799287500862
"447",-3.37316640547644,-7.11362716561145,-7.03297884081811
"448",-2.56275188198571,-5.10171114676852,-5.68262754677663
"449",-2.40196902035985,-5.91575049240708,-6.34484879887987
"450",-7.35172673561208,-5.99802404820869,-6.19875092108518
"451",-7.31851286446016,-5.52999266234661,-4.81148399658263
"452",-4.99471402854912,-4.66861055697265,-4.85948798640273
"453",-2.39084541511792,-3.8239539010994,-4.24973453734042
"454",-2.8685515271845,-3.82985167688849,-4.38255542891824
"455",-4.45148252756496,-4.34206383281601,-4.83497804789888
"456",-2.7911408578154,-4.33862060183939,-4.40979423617976
"457",-5.32394885519053,-4.85559039693734,-4.07507048880126
"458",-5.23597988778726,-3.56399315204862,-4.3304807502864
"459",-6.04790359734003,-6.33308815225883,-5.36202975899731
"460",-4.8890339719596,-4.98162190584295,-5.32063051614214
"461",-2.84955336181335,-2.69210294156201,-3.95238475156699
"462",-2.13056810326124,-2.67278202709705,-2.8283477956608
"463",-2.50209458235083,-2.15215722648302,-2.99314855771102
"464",0.46277710302353,-0.784569201074409,-2.29469851232612
"465",-4.2873451616235,-5.20735446060263,-3.17483859031891
"466",0.70685430711559,-3.20611393974351,-3.16683307633687
"467",-0.552618882362978,-2.99963486784579,-3.21913271385842
"468",-2.40341154596129,-3.30932481742593,-3.99649229599145
"469",-1.85790659223637,-2.72793747878552,-4.04551064979076
"470",-4.75741274058581,-4.69014866467172,-3.83778233250141
"471",-4.25448653895369,-3.63535657428426,-3.5938747991724
"472",-5.56246809297634,-3.25620669819471,-4.16149572652774
"473",-5.1831413598497,-3.1737417322265,-3.26711403644305
"474",-7.04302592966759,-3.67424335599761,-3.20161416321022
"475",-4.01247938481593,-2.43382354555701,-3.22061309558241
"476",-2.32063512815861,-3.57400219409232,-2.42004232604925
"477",-3.44139255041605,-2.3259995449782,-2.44769665886165
"478",-5.91871725912458,-3.00348157451998,-3.5918352733359
"479",-6.78253844044431,-4.45525512252189,-3.79239969929335
"480",-6.24591378381217,-3.73763497894752,-4.27198471490592
"481",-6.27148937104831,-5.15911554338065,-5.25139455260807
"482",-6.55159018907817,-6.28541288332344,-6.49993459764506
"483",-6.16544506716596,-7.10142233947834,-7.24462235381625
"484",-6.57700995974079,-7.73508088974889,-7.94086600271342
"485",-8.22153957251672,-7.95241137317017,-8.16188298500062
"486",-8.54785463856942,-8.89336556672017,-9.50371039546963
"487",-11.1878352959935,-11.0187801651687,-9.85110946834751
"488",-11.9554899535335,-10.9320354606817,-10.4605518539383
"489",-13.4226532601932,-10.3599194365478,-10.342219382911
"490",-11.1722748227534,-10.084176732742,-8.75315267602921
"491",-11.1566958375413,-8.9966623939061,-8.67692723550041
"492",-10.5325452456332,-6.23496547597849,-7.1881699652952
"493",-11.6506312195,-8.59286596411381,-7.20952548448188
"494",-8.11678487609809,-7.06075913688763,-6.95447866168207
"495",-9.57143606486814,-7.879966079094,-6.84309512763552
"496",-9.55050070366153,-7.87830425348198,-7.25198383383992
"497",-9.57174724247742,-7.65901583125769,-7.63641028676536
"498",-7.51658405405698,-6.42594603959834,-6.61041534668765
"499",-8.50569471285224,-6.3214025967278,-6.34997989966401
"500",-7.96425824911674,-5.39779602775335,-5.91592586448851
"501",-7.74943858044857,-5.71705828625577,-6.14105880340522
"502",-8.27469116842527,-6.3497177794248,-5.59483794891258
"503",-7.9617556330728,-5.130629926816,-5.19392645898364
"504",-8.24865704696601,-4.39085362052172,-3.36548727442916
"505",-8.18851803802639,-2.61550310778941,-2.78505172119256
"506",-7.61825694502194,-4.89093035657068,-2.79315328876183
"507",-2.53503419920498,-0.896179811645706,-1.51875351366518
"508",-3.36371433280085,-2.30011614566726,-2.08251781610497
"509",-4.55284253306105,-4.2950298925375,-3.99351544724093
"510",-4.74143010574998,-5.65090992171858,-5.04635000651356
"511",-4.25611537367245,-6.21601134576244,-4.85091138482684
"512",-5.05100475762671,-4.95454387331346,-4.74241680805137
"513",-4.35532306579015,-4.73349470926732,-3.70522171314976
"514",-2.38602299752663,-2.61454600415937,-2.8039581980828
"515",-1.51881321406257,-3.6684010554062,-3.18051859341051
"516",1.59298067292458,-2.2754787826264,-2.42416858442637
"517",-0.025064479550382,-2.49813637900426,-2.70315429788868
"518",0.0698019078779413,-1.75987348577469,-1.70468738318999
"519",-1.19706657791337,-3.00301405647195,-2.07231662763526
"520",-3.30630674804346,-2.32896905029666,-2.62152970791416
"521",-0.32658866154793,-2.1757700016899,-2.30391300365932
"522",-3.24970152223322,-4.68644584794577,-4.76749090432354
"523",-1.12490414931457,-5.82196132487432,-4.7825526385733
"524",-1.06274744293731,-4.99523760100022,-4.32216537607778
"525",-1.29881343077899,-5.05041971353749,-3.75122071694559
"526",-0.697063619972648,-3.36841037028573,-4.18124112124292
"527",0.756010513043986,-3.64711321609475,-4.40476456746453
"528",0.993714495387291,-3.96769627015494,-4.43901607075925
"529",-0.331273336959612,-4.14583246505798,-4.85098935005562
"530",-1.21209438661388,-4.38981341006243,-4.40650620588275
"531",-0.200683076213124,-4.41403553021915,-3.6284313027752
"532",-0.372554092882889,-2.48286573408862,-2.52810193568958
"533",-0.763384060969302,-2.60173910578347,-3.13995283374418
"534",-2.5096687403856,-3.53738419594266,-4.00574719865556
"535",-1.50228159775267,-4.72422015236029,-4.70376983051289
"536",-1.27348480254084,-3.79074066049054,-3.69918514791255
"537",-1.90415585819829,-3.96584981610475,-4.55595917031063
"538",-1.37949699133969,-3.04925906927358,-3.57526581867902
"539",2.49471461086627,-2.71806021890704,-2.20208108342889
"540",1.82398676268751,-2.5158349804837,-3.48089860841735
"541",0.00835165840051211,-4.13160103670404,-3.02455851642906
"542",-1.8950002405253,-2.80259216689028,-2.59371498932908
"543",1.49302477537226,0.261820229751637,-0.514112300979814
"544",-1.57776845039495,-3.08593555845842,-1.70474256755782
"545",-0.857140510678961,-2.89843064504506,-2.63294370514266
"546",1.37036873691745,-1.75762675543954,-1.99298064644637
"547",0.908149185607713,-1.24133912406524,-0.31292247898925
"548",-0.206634702767415,-1.77805922369169,-1.49579707825496
"549",-0.0456871459417347,-1.10129442528511,-1.73042103081645
"550",-0.673309451783751,-4.79092666850957,-4.09065943743248
"551",-1.2241356373738,-5.27734059096541,-4.78841170460347
"552",-3.43958844238675,-6.80971502399128,-6.8663979990445
"553",-4.72062016277689,-7.84585594639507,-7.14484784586855
"554",-4.21636206580115,-6.75751065637639,-6.45634008279252
"555",-4.55781729611113,-5.10310960195194,-4.39053938051708
"556",-4.49079895575906,-5.56994621770475,-5.19934973982385
"557",-3.76806677010232,-5.44198554941431,-5.58595904581694
"558",-4.81613010013876,-8.22275506979773,-7.52071922162867
"559",-1.58492027167144,-5.69022044778097,-5.3286752678153
"560",-4.44321574795288,-8.20870607724129,-7.2829093013989
"561",-4.24005277570444,-6.49104971608908,-6.48766756708495
"562",-6.16526660274242,-9.01135646231667,-9.25978467864899
"563",-9.70805189770365,-9.49731102547296,-9.23960137287103
"564",-8.58934725145889,-7.35979228294516,-7.90101995402165
"565",-6.74031064231221,-8.5574664625992,-8.32315624570374
"566",-6.28255783948331,-8.70969568966522,-8.24358639088489
"567",-6.20397102351975,-6.84450644427964,-6.93769263961538
"568",-6.87586084204096,-5.61469736510796,-6.61547100351553
"569",-9.48067286125417,-7.92751316464455,-6.12364509715703
"570",-9.47307803913349,-6.510750705606,-5.30915195834038
"571",-8.5014061281268,-7.06424362550747,-6.32319434999286
"572",-7.60239975089216,-5.46023692847895,-6.35873469193126
"573",-6.26565064384415,-6.9197284730622,-6.61327189714292
"574",-5.76833315845156,-7.85850424072122,-7.54055111926185
"575",-3.4841401353947,-5.7476698199064,-5.24970461205196
"576",-4.82799612659327,-5.0087569251399,-5.53508523906868
"577",-2.64840826209069,-3.50629997548869,-3.50653786076341
"578",-3.02260587268635,-3.65809077439169,-4.08398007699656
"579",-3.93836873633076,-2.80144732608585,-3.12310370561335
"580",-1.67056569262158,-3.09964391080193,-2.76976925317741
"581",-4.22959934529031,-5.73658056067351,-4.08052143225549
"582",0.571004848081976,-2.66365646876024,-3.0755069466082
"583",2.56380614332951,-0.451129484651922,-1.12163508359651
"584",-0.501084808532045,-1.36685872339741,-1.27646843443058
"585",-1.84150390257129,-2.2527910516549,-1.61723190171081
"586",-1.70647698706928,-2.64082806120256,-2.51559809211409
"587",-2.00564366616816,-3.25952786263983,-3.37627163377045
"588",-5.78039839902187,-5.37074821425091,-4.72722814537913
"589",-5.61688446409022,-4.2624932628789,-5.34911874547051
"590",-6.54592279270523,-4.46556324276579,-4.97410146064735
"591",-6.86331382699439,-7.05013439301812,-6.47131254579837
"592",-7.10445681682835,-6.44166020970185,-6.86183677186712
"593",-8.68720504342706,-8.00584114399255,-8.16062059465967
"594",-9.91309972668225,-8.02087963242253,-8.85444223095832
"595",-11.5238534946291,-7.91141364871186,-8.45032368780778
"596",-12.1212176078136,-8.29809061934368,-9.59395547448603
"597",-12.1907096810576,-10.0215495160804,-9.84342536851754
"598",-13.922836926327,-10.640661671013,-10.8779810424342
"599",-14.390582977045,-10.487035046104,-9.16045454725013
"600",-13.2831218421433,-9.62829181461408,-9.07886818355128
"601",-14.3596540070547,-10.1150783048115,-9.57639742369888
"602",-13.061446853013,-10.800612931477,-10.4248077036907
"603",-11.3607978465472,-12.2106859704185,-11.4511841283741
"604",-11.3225693899799,-10.2332272722576,-11.1261508524278
"605",-9.99981260198715,-11.5363680058759,-10.27463107898
"606",-10.720451004332,-10.6690776117779,-11.2440184655793
"607",-13.595664987783,-12.9364777872566,-12.1694873598417
"608",-15.8981121717621,-14.0397062744486,-13.3911987538425
"609",-13.9018503353714,-12.5974743828735,-13.0697113178386
"610",-16.1742315518573,-15.4785953395829,-14.4693267620192
"611",-14.105280650101,-14.5451053080561,-14.4222066096867
"612",-15.459018975835,-15.2480209369314,-14.5015832860281
"613",-15.8187089011494,-14.2023797434632,-14.2591733371971
"614",-16.9764469540464,-15.4536538333474,-14.4315745881911
"615",-14.8978714799096,-12.9380986393829,-14.4177870771684
"616",-15.7149363962273,-13.9002131157453,-14.0640377627352
"617",-16.0877973611786,-14.3201055070781,-14.2933151648475
"618",-18.234036702254,-15.0626821845475,-14.0120448870293
"619",-16.1053181482264,-13.1514784198604,-13.2274169556733
"620",-16.0952807172464,-13.4117315107162,-13.5993761703715
"621",-12.5165660063073,-12.2685300869552,-13.1754103482249
"622",-9.77832979342596,-13.9585857330213,-13.4508461496586
"623",-8.53479287425957,-14.68260925121,-13.784557752169
"624",-9.23374016283096,-13.8365265748136,-13.9726694792257
"625",-8.24900370372666,-14.3536107588073,-14.1928315727225
"626",-9.49207488359014,-13.7939121024119,-13.5392299673984
"627",-9.27038640029582,-14.5083081780732,-14.2656179448075
"628",-10.504640621519,-13.7291616337025,-13.9391574314023
"629",-13.1344819575507,-15.1477951612915,-15.8673829436947
"630",-13.4986112120905,-15.9008843900498,-15.5847199541214
"631",-10.8830698775999,-14.6469576039566,-15.5213618634106
"632",-11.5476535297676,-14.1222131459027,-14.8892756950551
"633",-11.9432277674349,-13.5539322279173,-12.960615889088
"634",-14.8346799371514,-12.7331702516431,-13.5114994134812
"635",-15.7799053297317,-13.1229139319448,-12.3803062181198
"636",-14.1963841636517,-10.7158248286785,-10.8632130451787
"637",-13.7414785684594,-9.81900798184689,-10.0423170359426
"638",-14.2984872947499,-9.09301323630715,-8.65442093022583
"639",-12.0007202375292,-9.43359474988269,-9.85229436794958
"640",-12.246092837904,-11.0630586473564,-10.5441170092235
"641",-11.3605029496174,-10.0595042839006,-10.6316043893262
"642",-11.6235957309522,-11.784987662401,-11.1415747721287
"643",-13.1614853964325,-12.1124875871621,-11.5940501269016
"644",-11.2153633876938,-10.7336455923458,-11.6222078983614
"645",-11.013960334265,-11.4845989428485,-11.5759777098328
"646",-10.6064417821819,-10.5770645259244,-10.9081917346975
"647",-8.88328577292523,-10.1573871317809,-9.52129851528733
"648",-8.33947200297026,-10.8543997628462,-10.0568978602648
"649",-10.6654003315369,-11.1746620096794,-9.70696867902814
"650",-10.0008499065229,-9.9743659715833,-9.88667277316519
"651",-11.9514226050819,-10.9017734043881,-10.4574872940397
"652",-9.70470966280394,-8.88558204700906,-9.48970495680463
"653",-8.66806286179348,-10.6471707997209,-9.80014129647488
"654",-7.91987430600849,-7.9198538329431,-9.11565175769006
"655",-7.65918863757578,-10.1074653577202,-9.31398878956832
"656",-5.82453707954983,-8.96270091059099,-9.6640846918978
"657",-5.4578291961447,-9.54294643262475,-8.87693336203348
"658",-5.21204530282356,-8.65700738621216,-9.91710824923404
"659",-9.310305565913,-12.0322472251986,-11.560825395329
"660",-8.81540369989885,-11.834467602027,-11.3228949351596
"661",-4.51067701078777,-8.59826331509053,-8.89135393200073
"662",-5.83579866570931,-10.2329250117191,-9.25058494707734
"663",-6.08792587081298,-10.6279755475252,-9.66567170715618
"664",-3.30328303157143,-10.0159429909692,-9.8480815197836
"665",-5.15151774284062,-8.98671136696754,-9.26595272580217
"666",-5.49491607956056,-9.52646459743155,-9.80824762964501
"667",-7.0863923768517,-10.4752788483686,-10.3882666474286
"668",-10.1397120749075,-11.204003506658,-10.9143678289712
"669",-12.0253735529583,-11.6727375942025,-11.5050156441888
"670",-12.2214923142417,-11.1382728006329,-10.9646844367998
"671",-12.0513328687966,-10.3308637836566,-11.5504490498214
"672",-11.4479514059234,-11.4825447745012,-11.937428454463
"673",-13.8319223373513,-10.7327992116021,-10.9612758362084
"674",-14.5168311962179,-10.5290710713776,-10.454666918127
"675",-16.0747637955896,-10.699376293657,-9.85097176686799
"676",-17.8778110774188,-10.2064363565102,-10.6288769834431
"677",-17.8231485463523,-11.6603937916125,-12.5794169332492
"678",-17.4138811614414,-11.6058719772774,-12.2019071509108
"679",-15.8889777965535,-9.63550144378494,-11.2874421325474
"680",-16.2475626025439,-11.7230367975731,-12.054150590319
"681",-16.5624039310083,-12.1525720212571,-12.0303172148783
"682",-14.9620999334808,-9.8921748048573,-10.3023565260028
"683",-13.4009830655973,-9.54352502979848,-9.33883201781218
"684",-13.7182406945065,-7.59494214038341,-8.69155532947903
"685",-12.7711842630735,-8.0218146051624,-8.43465807333533
"686",-11.3795840558134,-10.5106401039443,-9.73045538888049
"687",-11.262061675663,-8.90163733733296,-8.69605602732524
"688",-11.3655572043121,-9.16236578780663,-8.22919455424395
"689",-7.44523411692578,-6.7736478650504,-6.75582603034924
"690",-8.06290705812049,-7.30530467608148,-6.99886060233781
"691",-9.00292356883224,-6.85090752749348,-7.23508184696259
"692",-8.72071919395655,-5.59454272718822,-6.67090406529179
"693",-9.68709831081485,-6.92697579676263,-8.40927590296865
"694",-12.5961520467077,-10.4628887691449,-10.1321161847034
"695",-15.3569419826526,-11.9755522095625,-11.4403528144018
"696",-16.1533415850219,-13.3349051294161,-12.6432958239867
"697",-16.3370660890414,-12.4191402826068,-12.2830297651196
"698",-16.4220739346231,-13.5116055116727,-12.6240844423087
"699",-16.0372207518476,-13.1264636613688,-12.7069242741808
"700",-18.3029315364636,-13.8639629740839,-13.9543388701983
"701",-18.8063257014205,-14.2853551083143,-14.0418882166375
"702",-14.2779169299168,-14.2434198743833,-13.0618226121959
"703",-18.9068090280094,-14.8552729101475,-14.3926607433819
"704",-17.2334817472142,-12.4597116743145,-13.7201934439445
"705",-20.4004082976164,-13.9265308137197,-13.7900008181506
"706",-18.8251032744698,-12.2973975123256,-12.7959540058556
"707",-16.2286285803326,-11.2950462427267,-12.3065623324263
"708",-17.0398490348272,-15.4722129330245,-14.5235631857206
"709",-15.9844198353236,-15.2188550517933,-15.2886960242213
"710",-14.6434374500332,-14.2341405937198,-14.6496286919048
"711",-14.8728674218236,-14.9544586067695,-14.5710065173244
"712",-15.5903828283221,-15.6588484373196,-15.1990276375119
"713",-13.6969590626385,-13.4395994013895,-14.3081659925108
"714",-16.016271958709,-15.1739557680615,-14.6788218698957
"715",-9.69568427735429,-10.6134117763921,-10.725011242465
"716",-8.58708141371806,-9.62010170146656,-10.6601004684484
"717",-9.4602669063185,-11.1943579222403,-11.8866098742826
"718",-10.7330562708857,-12.1753841686671,-12.0486472890663
"719",-10.5066337592982,-11.4389802036324,-12.2705931910322
"720",-13.0963417778673,-14.3855260622723,-14.7387669375801
"721",-15.8726160002962,-15.3308889895813,-14.8612234790408
"722",-18.8080240940693,-16.4062764776915,-16.6639574234196
"723",-19.8633322735936,-17.2506224428406,-16.8859404949032
"724",-19.2678659430679,-16.1627341829527,-16.7674706176465
"725",-17.5096510011364,-15.4029319477598,-16.0130631255291
"726",-16.8484522882266,-15.3772916606411,-15.3078569397689
"727",-13.6831556201497,-14.0739647466571,-14.4542347879615
"728",-11.8155447607692,-12.5765426416299,-13.6395822633931
"729",-15.3736691361412,-14.8512184644578,-15.1346291220687
"730",-15.8172407070948,-14.8425353675228,-15.9151941633077
"731",-16.0088732475751,-14.2358694158219,-15.9659974620376
"732",-19.9400919685146,-15.4653760138687,-15.8274072396316
"733",-21.110945590849,-16.1588070550855,-16.2947393703677
"734",-16.4523850526382,-12.726132971099,-13.0635224804736
"735",-17.1775499684254,-13.9126611581259,-13.5681622615682
"736",-16.9440758396724,-14.832565987356,-14.2391193613397
"737",-15.3718939555071,-13.4219139065138,-13.6494563646887
"738",-13.2297376310377,-14.1807951268108,-13.3254044301595
"739",-12.9411285158322,-14.1650482914976,-13.7794386776836
"740",-9.44036106493124,-11.7696428221452,-12.5607637119939
"741",-10.2044467071592,-11.460146905891,-11.4401920226881
"742",-9.49228287078868,-12.7896798286185,-12.6168415782552
"743",-9.1354117169695,-13.411870064556,-12.9669460114764
"744",-10.5751781710179,-14.0410372737913,-12.8106889874369
"745",-12.1661163041939,-12.7249453013987,-13.3559235850111
"746",-13.1748955253978,-13.6809287662837,-13.1109150429523
"747",-12.524636917303,-10.8934680850973,-12.0518597056186
"748",-15.2462985922456,-12.401213859583,-11.4432940518741
"749",-11.4517446817572,-9.50535592062495,-9.87292709625715
"750",-10.6812015802503,-8.68120049424175,-8.63932421780476
"751",-12.79123780722,-6.42863789722307,-8.25091180593622
"752",-18.8386644023811,-10.2644394208276,-9.89013692249875
"753",-16.1043987035041,-7.33398244820798,-8.43701164171814
"754",-15.2569094453854,-9.67219398545383,-9.40425245532236
"755",-14.7043791760769,-8.83641236978145,-9.96083486629986
"756",-10.6031461454701,-7.67180270243476,-7.96450537135291
"757",-11.194665564938,-8.60471114995395,-7.93560091101018
"758",-7.13755954479744,-6.04149942567731,-6.08585108740525
"759",-2.93231676188764,-3.945871433633,-2.93175913789484
"760",-0.827058894223735,-2.75474390365923,-2.3126762768596
"761",0.549383642030346,-2.39589182424518,-2.22408633167049
"762",-3.11038988154631,-1.95282378673912,-2.12287512577683
"763",-3.92574535434495,-1.36102571944721,-2.34971836023036
"764",-3.95779845433088,-1.91938928281476,-3.86092118883339
"765",-7.47895003343216,-4.88459296467717,-4.0724447970043
"766",-4.21626104511392,-4.19819055542946,-3.03780416226289
"767",-5.00211363626839,-3.74798397084236,-4.01378228253771
"768",-5.35940679186695,-3.13140239880957,-2.78363741120739
"769",-4.7213732866334,-1.28010360661347,-2.56001422457541
"770",-5.33125884905311,-2.54241038665902,-1.71754300441681
"771",-5.55114291829241,-5.59835853633099,-3.92266666052207
"772",-2.18982457998318,-3.63015368216589,-4.04045038862054
"773",-3.0748101844621,-3.24075801644439,-3.55213939877903
"774",-5.07458436292493,-4.02687888771042,-3.66596854558958
"775",-2.56942225624877,-2.84730682466871,-3.59362757932239
"776",-1.99712506357631,-3.54463783873491,-3.64126729688903
"777",-4.71970955029754,-3.54331558432987,-3.16668424235796
"778",-4.81235370834055,-0.73149392542094,-1.55804620690292
"779",-3.73113412151876,-2.19577491206706,-1.64929897030959
"780",-4.62185346999864,-0.910101700114436,-1.73902133978838
"781",-5.42882261844345,-2.75110784936781,-2.93420469036443
"782",-6.36811131931046,-3.07892606452956,-3.13990423854424
"783",-9.24933159742493,-6.47205464529833,-5.37382203754066
"784",-9.12003173861526,-5.37169187733211,-5.11250846547707
"785",-8.38539899348202,-4.58691351977134,-4.17922521271649
"786",-6.99607140540285,-4.19722896084749,-3.85761525805004
"787",-7.93044321640662,-5.72991123283599,-5.00558445935415
"788",-6.11435422237858,-5.36540513307479,-5.42526153385298
"789",-4.17208183378814,-2.79283650839156,-5.04326701494302
"790",-5.58429083098284,-5.86898437910825,-6.33753492262018
"791",-5.75047188941032,-6.12497471611239,-6.19656043034034
"792",-5.56534571212847,-6.33923962613688,-5.95650774699828
"793",-5.31300057877631,-5.28215278750204,-6.52109338772322
"794",-7.29737836811218,-5.75281005393667,-5.55168539475438
"795",-8.01259201667587,-6.68656051211249,-5.77285024538935
"796",-5.92796036954691,-3.51177925905945,-4.59016552304935
"797",-7.73337167952877,-3.69560959024114,-4.96760457155735
"798",-9.0506195172061,-6.20837330543022,-5.40754832706908
"799",-8.1821011193266,-5.89269870334763,-5.6842880129088
"800",-6.59745579023235,-5.26717298868267,-5.23026616850263
"801",-6.39098334531195,-6.3396788382692,-5.4263428670217
"802",-3.15414243961034,-3.19569792624967,-3.89103380581297
"803",-4.81229473243476,-5.71561511343724,-5.7982058206544
"804",-2.13976388124941,-4.29288070044975,-4.88773551066334
"805",-3.43830622560151,-5.08206073216254,-5.07408865598791
"806",-3.67805759312602,-3.80668133773552,-4.56494347659344
"807",-8.37036923235566,-6.07018033398453,-5.77771352783178
"808",-8.32257183960641,-3.67166377870229,-4.43395685209297
"809",-8.71295238850551,-3.95090172690408,-3.64526028536603
"810",-8.49806243618248,-2.35070508139765,-3.04108478126037
"811",-8.41286382284952,-2.40116006838834,-3.19714727151544
"812",-7.66510417076057,-2.84967229021005,-3.4531302813472
"813",-8.42532126333545,-5.68935907455644,-4.37568150701405
"814",-6.93504877260995,-3.12733911371271,-3.21445281648048
"815",-3.36007230376482,-0.875814069200627,-0.934075015075901
"816",0.143453258822766,0.138386275468719,0.904924653714545
"817",-0.266971701307671,-0.246300835000936,0.301206774789101
"818",-2.12679437245577,-1.18131138823121,-2.04406266078608
"819",-5.54747498075175,-5.34882435768714,-4.53637957877049
"820",-7.77198004909092,-5.93155783790482,-4.80336538700581
"821",-4.86323606430033,-3.63001597221484,-3.83014121285249
"822",-8.98516238743431,-4.5546573086648,-4.90453786888794
"823",-9.60554159894128,-4.81813335344388,-4.21451884357337
"824",-8.00287063292993,-3.02079291302301,-3.12975453406125
"825",-4.01214963898326,-1.43952411394497,-2.13203344261655
"826",-4.28030715505033,-1.88424352982019,-2.15848066468959
"827",-2.59260444083884,-1.36277761400267,-2.04241893261767
"828",-4.61441962877937,-2.1283908000166,-2.81278696290437
"829",-1.66105282142757,-2.39576260363804,-2.84695609306206
"830",-0.643127164895037,-2.7666721923072,-3.06693933588779
"831",0.0201928002205354,-3.52482040504951,-4.22999795690037
"832",-3.19631258656874,-4.59844395727457,-6.32080146720518
"833",-4.95330384874419,-7.27038911590772,-8.08036674735989
"834",-7.85065340439962,-8.07417438182601,-8.05099815223787
"835",-11.268506435372,-9.86820515651254,-8.89545910616761
"836",-9.45600688384958,-9.2144187757586,-9.56214646458033
"837",-9.2223053974451,-8.35188476502989,-8.45662227336104
"838",-7.73585891162907,-7.54823395845274,-7.30959794330688
"839",-5.74670250504341,-7.84345818105643,-7.24837746371659
"840",-2.22503106636624,-5.14093966149849,-5.82233698061683
"841",0.513603781029646,-4.63776502579906,-5.35717578777674
"842",0.902363299248246,-4.37406224521162,-4.96267358170411
"843",0.271484283343972,-3.44527647032922,-3.65459745352594
"844",1.75618114757093,-1.84905527980354,-2.16169861668316
"845",1.22078898411771,-1.80300309954469,-2.90546601139045
"846",2.67891101771726,-0.585387872530213,-2.16035272723253
"847",0.369626073309606,-1.24005610836881,-1.97825473738106
"848",-0.659256972841256,-1.5603103586354,-0.879702615112583
"849",0.577965773203931,1.26223936542328,0.273224478658283
"850",1.46526911081402,1.56422104480693,1.48519614269377
"851",0.321867453935164,1.61766805761223,1.78813364232031
"852",1.63851632651198,2.81211483721537,2.68663677074177
"853",1.30522309398255,2.87156281171031,1.8869404720928
"854",3.46060610254042,3.89359196447765,3.02220570539536
"855",4.78442955911344,4.2548927659306,4.76202443080626
"856",5.53284224226094,4.88178946058226,4.73037489773
"857",3.66293413207019,2.41702777537421,3.95409557919956
"858",3.75014766671913,4.10800520286392,3.58758452744792
"859",2.42069489549705,2.32403202727146,3.06054613372627
"860",1.32650056591528,3.08354112689923,3.23618985541498
"861",-1.88447618136708,1.74885390436171,2.19661839613683
"862",-0.563165083799652,1.63551884038439,2.26766658432506
"863",-1.86363433201818,1.83749781270263,2.11782904445071
"864",-2.50536804154513,2.11630612251328,2.66305481561758
"865",-1.78087976329229,0.886195957848255,0.760686766411796
"866",-2.40510466471503,-0.333936380695451,0.588887650980457
"867",-1.07725960834901,-0.503544444663824,-0.926429628089363
"868",-0.793576114248102,-0.446684442114947,-0.26009404688028
"869",-0.110992092040478,-1.10642541350206,0.452804812223246
"870",0.461054269395347,0.980475386700342,0.661192611204086
"871",0.64416700928737,-0.675468484210067,-0.114443423973489
"872",2.96168984755836,0.579441900466797,-0.267315007362817
"873",5.52438871500339,1.54802413750264,0.0109694459692022
"874",6.10353820208369,2.15855080203813,1.0066791313484
"875",7.4174985172792,2.77446918742323,2.26500263535911
"876",6.20445105420706,1.03810893616127,1.37685422548827
"877",0.811354942624591,-1.25956884032571,-0.186905546128598
"878",0.30518494054367,-0.933214504011415,-1.10963138168478
"879",0.308026152610323,-1.72639572478666,-1.92990260810557
"880",1.83723287578083,-2.09593529085585,-0.953698790469572
"881",4.5608186591898,2.93043034224997,1.49466897830179
"882",2.19097701712863,2.25180528081748,1.21150354208575
"883",2.63408112516072,0.581577521548529,0.724354752684875
"884",5.63720493077949,1.96407630056113,2.86373228638806
"885",3.24014978491228,2.48550726517951,3.00893085214307
"886",7.00945146350693,4.21824127182391,3.36028095031504
"887",6.20092645577149,2.0261043516322,2.98341076069974
"888",5.90640280514326,3.63987448150319,3.37207717314148
"889",6.51956696595854,4.50274026630965,2.84401146949864
"890",2.82900280602482,0.623405763930506,1.29910635285566
"891",2.56956958923822,1.06968510502203,1.36613153143826
"892",2.43518107517667,2.78582266269306,2.20214886153154
"893",1.67413975056793,1.67248627611109,1.56386907000915
"894",-2.44030645909404,1.00725285976183,1.55033081178075
"895",-2.18933683584686,1.40777692619747,2.5950698657323
"896",-0.746740845780698,3.12163628500343,2.43371554302324
"897",-1.01731768902868,3.12006362489911,3.39986639320247
"898",0.412517194913006,4.92995135089565,4.33566522104272
"899",1.27437236686477,4.0042014279745,5.23966882057874
"900",2.37996080540188,6.34090113523033,6.10173246154042
"901",0.534775639367358,6.5237096995182,6.70910393246729
"902",2.04029113988834,6.90531087521737,6.24357544206993
"903",5.7791597251125,8.21223571687069,7.33813309739398
"904",3.87157647038933,5.43634204566624,6.66656010337808
"905",4.59562965730191,7.29145514405845,7.02036557727056
"906",3.43386405666715,8.34338462336715,8.31675207329106
"907",2.43909072640343,5.76320756291277,6.14684414860568
"908",3.74868709415207,5.24075091529702,5.26938720234798
"909",5.71221370765323,6.49770474964256,5.03237028446397
"910",6.05478754553738,6.30376707350071,6.24141958221508
"911",8.34018244713894,5.4830259152685,5.53735903981532
"912",9.709401893717,5.61047700171267,6.68694106776945
"913",9.1320282269538,6.31984556813048,6.51972086735779
"914",8.80447392181924,4.47201226511322,4.57917439868487
"915",7.12917099533449,3.08149567467351,3.1868664606402
"916",5.45460855150692,3.14441669171057,3.27933432923548
"917",7.82773983211016,4.89148825827372,4.28361242021897
"918",4.85576505774677,2.75083571551864,2.44377200063704
"919",4.51084514478275,2.07126558072349,1.59711415859963
"920",3.96624368115155,1.73615166251441,0.850872523510906
"921",3.09168676346383,0.219445782187154,0.20716004710384
"922",0.138462941597726,-0.901334354503062,-0.755558431266622
"923",1.14170887310932,-0.694416570164773,0.386502081450747
"924",1.27515416014512,-0.132690971582638,0.622622533221922
"925",-0.751341590983735,-0.188966141218257,-0.255528183462472
"926",-1.23572413929033,0.829118871493857,-0.171419773361528
"927",-1.01728853388095,0.440095814359281,1.29595600189652
"928",1.34553702927922,0.713277840247061,1.92106409447345
"929",2.86095072288748,3.49736043365343,3.57255717629695
"930",2.87639265507431,2.37099976755585,3.02997335476995
"931",0.257209612032107,2.34031837965697,1.61296103771373
"932",-0.517841210900742,1.9671342952849,1.73331461815326
"933",1.10029323584836,2.37245269764747,2.68059699023745
"934",2.83894646493457,5.24515691604504,3.86736267644358
"935",1.71615272243198,3.95316260804019,4.56998350326741
"936",1.74493081842328,3.92711364756842,4.50279875742229
"937",0.686422881800058,4.30063512982907,4.81274365169728
"938",4.16555920678527,7.50223784606749,7.3352111675153
"939",6.06252564820249,9.41447967968823,8.72818592985657
"940",8.92947161290311,10.3282637095032,10.0049216417442
"941",9.03945244243308,10.3336818189229,9.62113534107249
"942",10.0998864419813,10.7307003653355,10.0943713835068
"943",10.6595909734219,10.0235253826776,9.79526853681632
"944",9.60821087614142,8.56068575651049,9.56566217577293
"945",9.29213877511042,10.0765302135809,8.92227890134722
"946",7.14927897513831,8.1637046409322,7.96040972191537
"947",8.71173949333319,7.46345795288341,6.64835113192293
"948",8.32724599561023,5.4804902182366,5.87278649379325
"949",8.70838700735776,5.44490534465726,5.05389942256608
"950",9.03472845555625,5.04421864233121,4.7546049517729
"951",7.64093762262557,5.19934924165279,5.29903648940702
"952",6.86875685737266,2.84599203907892,3.24458787221952
"953",7.61739716393111,2.69512337205528,3.20201528441823
"954",8.2436494752001,2.99731621834191,2.87039286818138
"955",9.01954403717827,3.74403327971177,3.64422452270396
"956",7.62193587894846,2.49412126613718,3.17089271183532
"957",6.35072910021186,2.22884529390582,2.82372618901582
"958",7.05982755085567,1.62637799822365,2.00168028011193
"959",6.74579500348504,1.65950178726968,1.54770953270902
"960",1.0415222293943,-0.378988465015741,0.175779293243637
"961",1.09814180019255,0.009634156352248,0.118270904155523
"962",0.743318030555064,-0.285786102005271,-0.170931110116411
"963",1.91890064783383,0.849288159876316,0.184353067704874
"964",-1.12652043387071,0.0338471028584355,0.290003131063812
"965",0.105354355542218,-1.12213465343658,0.138828555382761
"966",1.30905429566724,0.693140021522988,1.1388561165447
"967",3.54380621173152,2.66214945303192,2.8126794660125
"968",3.49106575552848,1.72656793576729,2.44104580737491
"969",1.85077117344616,0.336813919621731,0.497305505143655
"970",4.35314077051097,0.907171736311589,1.20787523707898
"971",7.54258924014102,2.1639877289111,2.20699063231148
"972",7.87648509507527,2.3333995765443,2.44233646586954
"973",6.6993587766624,1.53176176128388,1.49475919698329
"974",3.9468029538369,0.448653964864529,1.07270665968366
"975",5.33947015283047,0.798035380632086,1.23211518158916
"976",7.41678163005181,0.951245039530637,2.31771962281145
"977",6.24836504367039,0.765209729998127,2.1662899026628
"978",8.42712594440679,2.5564863584474,2.39080813688957
"979",3.43115546885885,1.48353670776688,1.01881843259027
"980",4.59912790392662,2.20789733054674,1.55557349307957
"981",6.00220641944017,1.86456546961635,2.55785042793528
"982",5.3746408458663,3.23544547854177,1.83599099299051
"983",1.57806677932314,0.255701130461248,0.842780225733535
"984",-0.51211281835697,-0.0525432128789519,0.345285186149108
"985",4.08190006639709,3.31884963284059,2.31673856780915
"986",1.73564481241992,1.90295930942106,2.59824182825184
"987",4.00666522173513,3.30749301221393,2.01229224670281
"988",1.80452867600735,1.59248318655768,0.65964645158327
"989",2.7943319861474,2.38256507791371,0.659809862020709
"990",-0.543611220104414,0.435234546021211,-0.377149788928295
"991",-2.91757638213589,-1.92349350535324,-2.2958484419728
"992",-3.2889899054009,-1.52076516556006,-1.01981232219406
"993",-5.23354150080649,-0.564666521657158,-0.712444189447535
"994",0.646172354797744,1.15377377881942,-0.125751783947213
"995",-0.0523765536206336,-0.154239898938685,-0.505183460535198
"996",-0.0187494411383236,-0.0496925073046433,-0.0700425128952906
"997",1.024308389317,-0.127857644268661,-0.926128586546118
"998",2.56320012049829,-1.25741218238428,-1.53534642952558
"999",5.47736533572645,0.424320094372797,-0.303454764477562
"1000",6.19714356084759,-0.515006072025667,3.5527136788005e-15
